{
  "normal": {
    "precision": 0.8008298755186722,
    "recall": 0.7509727626459144,
    "f1-score": 0.7751004016064257,
    "support": 257.0
  },
  "toxic": {
    "precision": 0.752895752895753,
    "recall": 0.8024691358024691,
    "f1-score": 0.7768924302788844,
    "support": 243.0
  },
  "accuracy": 0.776,
  "macro avg": {
    "precision": 0.7768628142072126,
    "recall": 0.7767209492241918,
    "f1-score": 0.7759964159426551,
    "support": 500.0
  },
  "weighted avg": {
    "precision": 0.7775338919239334,
    "recall": 0.776,
    "f1-score": 0.7759713275412408,
    "support": 500.0
  }
}